id,name,owner,owner_email,organization,online_status
135,Transderm Scop,Normie Kryszkiecicz,nkryszkiecicz0@samsung.com,Fabaceae,true
145,Healthy Accents hemorrhoidal,Hadley Roake,hroake1@squidoo.com,Pottiaceae,true
116,HYDROCODONE BITARTRATE AND ACETAMINOPHEN,Arlin Bogie,abogie2@seattletimes.com,Fabaceae,true
137,HYDROCODONE BITARTRATE,Colline Odby,codby3@sohu.com,Malvaceae,true
144,CHAETOMIUM GLOBOSUM,Myrtice Northcott,mnorthcott4@omniture.com,Brassicaceae,false
133,Cefprozil,Rees Gunbie,rgunbie5@fema.gov,Salicaceae,true
138,Haloperidol,Linus Delgardo,ldelgardo6@nsw.gov.au,Arecaceae,false
134,Gowoonsesang Multi Protection,Cleopatra Locket,clocket7@japanpost.jp,Myrtaceae,true
110,Up and UP Sensitive Toothpaste Enamel Strengthening formula plus whitening,Horatius Airy,hairy8@gov.uk,Chenopodiaceae,true
137,Simvastatin,Archambault Metts,ametts9@canalblog.com,Bryaceae,false
132,Kleenex Antiseptic Skin Cleanser,Belvia Wiggington,bwiggingtona@ted.com,Piperaceae,false
112,Primaquine Phosphate,Lucais Dahle,ldahleb@cmu.edu,Cyperaceae,true
138,Ibuprofen,Jaquelyn Downie,jdowniec@ebay.com,Droseraceae,true
101,Maracuja Miracle Foundation 12-Hour Foundation Broad Spectrum SPF 15 Sunscreen,Pippy Stenton,pstentond@theglobeandmail.com,Fagaceae,true
125,Sertraline Hydrochloride,Lanie Boffin,lboffine@latimes.com,Asteraceae,false
109,Aerowound Blood Clotting First Aid,Dieter Liven,dlivenf@patch.com,Lecanoraceae,false
124,Folic Acid,Yovonnda Ogers,yogersg@examiner.com,Caryophyllaceae,true
149,telmisartan,Brit Kieff,bkieffh@bravesites.com,Lamiaceae,true
123,Treatment Set TS336312,Marnia Farr,mfarri@prlog.org,Thelotremataceae,false
146,EMSAM,Lorens Cowlas,lcowlasj@umich.edu,Poaceae,false
127,Ondansetron,Ranna Barendtsen,rbarendtsenk@theguardian.com,Dipterocarpaceae,true
141,STELARA,Ab Kindley,akindleyl@hibu.com,Polemoniaceae,false
125,Lysol,Bettina Antonomoli,bantonomolim@gnu.org,Clusiaceae,true
100,Glipizide,Tate Blance,tblancen@boston.com,Bacidiaceae,true
146,TussiCaps,Gerardo Rouby,groubyo@prweb.com,Saxifragaceae,false
147,DOPamine Hydrochloride and Dextrose,Rafaellle Littell,rlittellp@unblog.fr,Asteraceae,true
109,CHLORPROMAZINE HYDROCHLORIDE,Eliza Ashforth,eashforthq@mediafire.com,Asteraceae,false
140,Phentermine Hydrochloride,Donny Clows,dclowsr@omniture.com,Viscaceae,false
104,Timeless Placenta Bound,Pavla Bowcock,pbowcocks@fda.gov,Opegraphaceae,true
149,Spiny Pigweed,Averil Crocumbe,acrocumbet@quantcast.com,Sarraceniaceae,false
105,Naphazoline Hydrochloride and Pheniramine Maleate,Darcy Yandell,dyandellu@amazonaws.com,Lecideaceae,true
104,Methadone Hydrochloride,Tersina Scanderet,tscanderetv@stanford.edu,Poaceae,false
138,DIAZEPAM,Ida Thorald,ithoraldw@sfgate.com,Boraginaceae,true
125,ASPERGILLUS FUMIGATUS,Yorker Padell,ypadellx@facebook.com,Pterigynandraceae,true
119,Fenofibrate,Aubrie Crosthwaite,acrosthwaitey@ebay.co.uk,Scrophulariaceae,false
147,Black Oak,Rosalia Duker,rdukerz@netlog.com,Brassicaceae,false
113,Kola-Pectin,Rudolf Rawnsley,rrawnsley10@ted.com,Fabaceae,false
119,Rare Gold,Jenn Woodes,jwoodes11@delicious.com,Scrophulariaceae,true
123,Mineral Oil Lubricant Laxative,Vitoria Henker,vhenker12@ca.gov,Poaceae,true
140,Proactiv,Roderic Boldt,rboldt13@cafepress.com,Ranunculaceae,true
147,CORYLUS AMERICANA POLLEN,Anett Ferney,aferney14@va.gov,Onagraceae,false
135,flormar ADVICE Skin Geometry Day Sunscreen Broad Spectrum SPF 15,Judie Humphris,jhumphris15@ca.gov,Asteraceae,true
107,Prevantics swabstick,Laureen MacTrusty,lmactrusty16@blogger.com,Saxifragaceae,true
119,Dicyclomine Hydrochloride,Alisa MacLeese,amacleese17@toplist.cz,Euphorbiaceae,false
144,Oxygen,Ericka Tarbox,etarbox18@tinypic.com,Asteraceae,false
101,Light Foundation SPF 15,Loraine Dyett,ldyett19@jugem.jp,Fabaceae,true
116,REMICADE,Marieann Kleinsinger,mkleinsinger1a@patch.com,Polygonaceae,false
140,Phenelzine Sulfate,Kipp Varndall,kvarndall1b@google.pl,Fabaceae,true
142,Losartan Potassium and Hydrochlorothiazide,Roddy Fairhead,rfairhead1c@nhs.uk,Asteraceae,true
128,laura mercier Tinted Moisturizer Creme Compact Broad Spectrum SPF 20 Sunscreen SAND,Jacinta Yersin,jyersin1d@soup.io,Asteraceae,false
150,Advanced First Aid,Lee Casassa,lcasassa1e@goodreads.com,Fabaceae,false
116,Pramipexole Dihydrochloride,Otis Goggins,ogoggins1f@forbes.com,Primulaceae,true
138,Hydrocodone Bitartrate And Acetaminophen,Mirilla Vasile,mvasile1g@devhub.com,Juncaceae,false
138,NEXIUM,Cary Haughan,chaughan1h@etsy.com,Polemoniaceae,false
131,potassium phosphates,Fina Critoph,fcritoph1i@blogs.com,Solanaceae,false
108,REFISSA,Bamby Horwell,bhorwell1j@vinaora.com,Asteraceae,false
126,KROGER NICOTINE TRANSDERMAL SYSTEM,Jon Calken,jcalken1k@edublogs.org,Verrucariaceae,false
120,Natural Acne Solutions Clarifying Toner,Russell McAndie,rmcandie1l@pinterest.com,Anacardiaceae,true
126,RealHeal,Sammy Grim,sgrim1m@plala.or.jp,Stictidaceae,false
104,Pramipexole,Cordell Cristofvao,ccristofvao1n@springer.com,Fabaceae,false
136,4 in 1 Pressed Mineral SPF 15 Tan,Anthe Hutley,ahutley1o@bigcartel.com,Moraceae,false
116,risperidone,Susannah Castellaccio,scastellaccio1p@cmu.edu,Fabaceae,false
111,ShopRite Ni Calm,Larine Goly,lgoly1q@samsung.com,Fabaceae,true
146,PINUS STROBUS POLLEN,Aleksandr Sirl,asirl1r@tinypic.com,Rhizophoraceae,false
122,hydrochlorothiazide,Jethro Ault,jault1s@deviantart.com,Bignoniaceae,false
121,Amikacin Sulfate,Granville Lecordier,glecordier1t@constantcontact.com,Liliaceae,true
139,Cafe au lait Always Stay-on Makeup Broad Spectrum SPF 15,Conway Mapother,cmapother1u@hexun.com,Campanulaceae,false
133,Antiseptic Mouth Rinse,Oates Jorin,ojorin1v@ifeng.com,Asteraceae,true
146,Ceftriaxone,Gilles Kendall,gkendall1w@ehow.com,Chenopodiaceae,false
124,Cabergoline,Jordanna Sumpton,jsumpton1x@dot.gov,Apiaceae,true
149,Cheratussin AC,Leslie Gorke,lgorke1y@surveymonkey.com,Saxifragaceae,true
110,Fentanyl Citrate,Betsy Pollendine,bpollendine1z@goo.gl,Ranunculaceae,false
139,CELEBREX,Daffy Flaxon,dflaxon20@si.edu,Lamiaceae,true
107,Hydrocodone Bitartrate and Acetaminophen,Millicent Holsey,mholsey21@engadget.com,Cyperaceae,false
141,Fluticasone Propionate,Leela Jorin,ljorin22@ihg.com,Asteraceae,false
139,ANTIBIOTIC PLUS PAIN RELIEF,Alyse Bidnall,abidnall23@chron.com,Bromeliaceae,false
104,ConRx Allergy Sinus,Rebecca Whittier,rwhittier24@merriam-webster.com,Bacidiaceae,true
150,Aveeno Active Naturals,Kellsie Denisyuk,kdenisyuk25@artisteer.com,Ophioglossaceae,false
101,Prime Plus,Cathleen McLoughlin,cmcloughlin26@dyndns.org,Poaceae,true
119,GALANTAMINE HYDROBROMIDE,Sandye Humberstone,shumberstone27@devhub.com,Polemoniaceae,false
105,Epi-Clenz Instant Hand Antiseptic,Lilah Viegas,lviegas28@scribd.com,Asteraceae,true
106,Neova DNA Damage Control - Everyday,Brandy Pierrepoint,bpierrepoint29@ox.ac.uk,Clusiaceae,false
149,ALPHAGAN P,Jeanelle Sancias,jsancias2a@howstuffworks.com,Fabaceae,true
107,equaline anti nausea,Stephan Semered,ssemered2b@cocolog-nifty.com,Fabaceae,false
105,FENTANYL TRANSDERMAL SYSTEM,Archer Moffat,amoffat2c@abc.net.au,Poaceae,true
131,EMF Detox,Freeland Calbrathe,fcalbrathe2d@examiner.com,Asteraceae,true
113,Antispetic,Anya Conelly,aconelly2e@icio.us,Saxifragaceae,true
134,Olay Total Effects Blemish Control,Devonne Izakof,dizakof2f@1und1.de,Cyperaceae,false
113,White Alder,Chan Melonby,cmelonby2g@cnbc.com,Hydrocharitaceae,false
148,Allspice,Susi Genery,sgenery2h@hud.gov,Poaceae,false
128,Risperidone M-TAB,Wylie Torbeck,wtorbeck2i@skype.com,Hydrophyllaceae,true
142,Clonidine Hydrochloride,Hollyanne Barmadier,hbarmadier2j@multiply.com,Araceae,true
118,Silka,Dominic Checo,dcheco2k@dyndns.org,Poaceae,true
121,UV Capture Sebum Control Sun Cream,Valentino McAdam,vmcadam2l@theglobeandmail.com,Cactaceae,false
147,PRENATAL PLUS IRON,Pierre Kilcoyne,pkilcoyne2m@blogspot.com,Poaceae,false
140,Sterile Water,Valina Shurmer,vshurmer2n@posterous.com,Orchidaceae,true
124,Stomach relief,Stirling Cairns,scairns2o@prnewswire.com,Dryopteridaceae,false
123,IBU,Andeee Bunkle,abunkle2p@marriott.com,Crassulaceae,false
105,nighttime cold and flu relief,Saree Cornu,scornu2q@theatlantic.com,Ericaceae,false
134,Papaya,Gleda Scholler,gscholler2r@cpanel.net,Hydrangeaceae,true
116,MethylPREDNISolone,Hermia Chaffen,hchaffen2s@mlb.com,Scrophulariaceae,true
100,Escitalopram,Hermia Erickssen,herickssen2t@wsj.com,Poaceae,false
121,Shoulder/Arm Complex,Tracey Blundel,tblundel2u@stumbleupon.com,Ericaceae,false
150,Fair and Square Antibacterial with Moisturizer,Anica Schleicher,aschleicher2v@msn.com,Asteraceae,true
138,Flurbiprofen,Dinah Gatchell,dgatchell2w@google.it,Primulaceae,false
104,Berkley and Jensen Pain Relief,Elsworth Doveston,edoveston2x@jimdo.com,Liliaceae,true
132,Total Suncare Sunscreen SPF 70,Nathanial Bellelli,nbellelli2y@cornell.edu,Hydrophyllaceae,false
122,DulcoEase Pink,Rafferty Carrier,rcarrier2z@icio.us,Pottiaceae,true
127,Zoledronic acid,Johannah Lecordier,jlecordier30@canalblog.com,Physciaceae,true
133,LAMICTAL,Camellia Bartlam,cbartlam31@discovery.com,Pteridaceae,false
121,Secret Outlast and Olay Smooth,Elaine Hanwright,ehanwright32@uol.com.br,Asteraceae,true
122,Natures Gate,Grantham Hilldrop,ghilldrop33@umich.edu,Polygonaceae,false
139,Hydrocortisone Acetate,Pete Colbourn,pcolbourn34@hugedomains.com,Acoraceae,true
134,Tretinoin,Neila Windle,nwindle35@opera.com,Asteraceae,false
129,NU-DERM STARTER SET NORMAL-DRY,Dawn Ibert,dibert36@blog.com,Fagaceae,false
143,Warfarin Sodium,Bryon Vyvyan,bvyvyan37@geocities.com,Uncertain Ascomycota Family,true
133,Acyclovir,Marcelline Keelan,mkeelan38@webeden.co.uk,Ranunculaceae,false
120,Treatment Set TS351003,Bobbe Coatham,bcoatham39@sbwire.com,Cabombaceae,false
135,Pedi-Quick OneStep Corn Removers,Keely Giblin,kgiblin3a@yelp.com,Brassicaceae,false
130,Nortrel,Alena Farraway,afarraway3b@livejournal.com,Asteraceae,true
127,Childrens Allergy,Xenos Boanas,xboanas3c@cafepress.com,Salviniaceae,true
131,TUBERSOL,Brunhilda Cavell,bcavell3d@mac.com,Portulacaceae,true
123,Risperidone,Wynn Duligal,wduligal3e@vk.com,Loganiaceae,true
147,Hepar Magnesium Taraxicum 4,Jessy Melbourne,jmelbourne3f@pagesperso-orange.fr,Melaspileaceae,false
142,Terazosin,Peder Charpling,pcharpling3g@telegraph.co.uk,Hydrocharitaceae,true
130,Feverall,Mohammed Arnaez,marnaez3h@hao123.com,Fabaceae,false
141,Prednisolone,Kaine Eddleston,keddleston3i@zimbio.com,Lamiaceae,true
150,Chlorpromazine Hydrochloride,Leticia Harman,lharman3j@oracle.com,Alismataceae,false
117,Isoflurane,Kim Scrivner,kscrivner3k@theglobeandmail.com,Polytrichaceae,false
150,Synthroid,Audrye Klimontovich,aklimontovich3l@cafepress.com,Rubiaceae,true
121,Clopidogrel bisulfate,Drake Delacour,ddelacour3m@admin.ch,Caprifoliaceae,true
104,equate,Hedi Grinnov,hgrinnov3n@ehow.com,Ditrichaceae,false
131,BACTEX Antiseptic Hand Sanitizer,Oriana Tipper,otipper3o@irs.gov,Lecideaceae,false
141,GUAAP,Gerry Pengilly,gpengilly3p@squarespace.com,Fagaceae,true
147,Divalproex Sodium,Mattheus Rogers,mrogers3q@friendfeed.com,Asteraceae,true
110,sunmark ibuprofen,Pippo Norwell,pnorwell3r@imgur.com,Rosaceae,false
146,Lunesta,Jakie Serjeant,jserjeant3s@chicagotribune.com,Asteraceae,true
109,Pineapple Paradise,Lon Voden,lvoden3t@google.cn,Rutaceae,true
148,Aplicare Povidone Iodine Swabstick,Christie Radloff,cradloff3u@nhs.uk,Fabaceae,true
144,DG Health Fast Acting Mucus Relief,Patsy Fessler,pfessler3v@yelp.com,Fabaceae,false
113,Dandelion,Rowen Mitchelmore,rmitchelmore3w@intel.com,Ruppiaceae,true
106,Oxygen,Kat Barbe,kbarbe3x@examiner.com,Brassicaceae,true
143,WHITE CAVIAR ILLUMINATING HAND SUNSCREEN BROAD SPECTRUM SPF 15,Minta Coiley,mcoiley3y@joomla.org,Grossulariaceae,false
149,BRIGHT EYE VITALIZER,Clair Ashbolt,cashbolt3z@google.ca,Scrophulariaceae,false
101,Perfect Choice,Leese Papis,lpapis40@parallels.com,Brassicaceae,true
126,Chlorpromazine Hydrochloride,Northrop Ruegg,nruegg41@illinois.edu,Cyperaceae,true
106,Medi First Plus Non-Aspirin Extra Strength,Codi Tiffany,ctiffany42@issuu.com,Ericaceae,true
106,Sheep Sorrel Pollen,Isaac Reynalds,ireynalds43@odnoklassniki.ru,Sapindaceae,false
135,up and up nicotine polacrilex,Gordan Crowne,gcrowne44@php.net,Liliaceae,true
109,ANTIBACTERIAL FOAMING,Gustie Kensley,gkensley45@rediff.com,Poaceae,false
111,Xylocaine,Cherey Grayshan,cgrayshan46@jigsy.com,Brassicaceae,true
121,Non-Drowsy Suphedrine PE Congestion,Ellerey Charters,echarters47@china.com.cn,Amblystegiaceae,true
132,Parlodel,Ardine Pennetta,apennetta48@4shared.com,Scrophulariaceae,false
104,Hydrocodone Bitartrate and Acetaminophen,Truda Addlestone,taddlestone49@ow.ly,Salicaceae,false
147,Celazome Mositurizing Sunscreen with SPF 29,Ruben Yanson,ryanson4a@globo.com,Verbenaceae,true
128,DIGOXIN,Brynna Castagna,bcastagna4b@unc.edu,Rosaceae,false
135,California (Coastal) Live Oak,Garnet Tesyro,gtesyro4c@vimeo.com,Physciaceae,false
130,Letrozole,Ellette Grabert,egrabert4d@clickbank.net,Juglandaceae,false
137,Cantaloupe,Dennet Saberton,dsaberton4e@slideshare.net,Juncaceae,true
136,LOVASTATIN,Nomi Laidler,nlaidler4f@alibaba.com,Scrophulariaceae,false
103,Donepezil Hydrochloride,Annabella Jerrand,ajerrand4g@alexa.com,Apiaceae,true
138,Ambien,Randy Riddington,rriddington4h@photobucket.com,Dioscoreaceae,false
127,Dexilant,Gardener Pithcock,gpithcock4i@census.gov,Thelypteridaceae,false
135,Diltiazem Hydrochloride,Carolann De Vaar,cde4j@godaddy.com,Asteraceae,true
150,good neighbor pharmacy nicotine,Mareah Battison,mbattison4k@com.com,Asteraceae,true
107,Cenestin,Geraldine Abelwhite,gabelwhite4l@timesonline.co.uk,Fabaceae,false
128,Melatonin Forte,Thornton Hamshar,thamshar4m@tmall.com,Trapeliaceae,true
103,MUM CHAMOMILE,Henrieta Downs,hdowns4n@nytimes.com,Ericaceae,true
112,Cyclobenzaprine Hydrochloride,Connor Vannah,cvannah4o@photobucket.com,Caryophyllaceae,false
132,Neomycin and Polymyxin B Sulfates and Hydrocortisone,Merola McKeon,mmckeon4p@forbes.com,Asteraceae,true
123,wet n wild,Nat Bourget,nbourget4q@omniture.com,Grimmiaceae,true
131,Haloperidol,Ophelie Degoy,odegoy4r@com.com,Saxifragaceae,true
132,Cefdinir,Paddie Towne,ptowne4s@blogspot.com,Passifloraceae,false
110,Docusate Calcium,Alexio Franzettoini,afranzettoini4t@wired.com,Pinaceae,false
104,Duloxetine,Waverly Scherer,wscherer4u@scientificamerican.com,Oxalidaceae,false
104,Boolicious Antibacterial Hand,Stacie Mallett,smallett4v@tripod.com,Asclepiadaceae,true
144,Family Dollar Complete Protection Anticavity Mouthwash,Anabelle Keaveny,akeaveny4w@nba.com,Asteraceae,true
150,No7 Lifting and Firming Foundation Sunscreen SPF 15 Walnut,Janela Corlett,jcorlett4x@sphinn.com,Campanulaceae,false
124,Cold,Andy Zettoi,azettoi4y@usatoday.com,Pottiaceae,false
131,HYDREA,Elliott Osgerby,eosgerby4z@ezinearticles.com,Poaceae,true
148,Caduet,Ximenez Toulmin,xtoulmin50@example.com,Lecanoraceae,false
123,Lombardy Poplar,Karole Winkett,kwinkett51@ihg.com,Fabaceae,true
110,Lialda,Raimundo Batrim,rbatrim52@dion.ne.jp,Primulaceae,false
138,Rough Marsh Elder,Hewie Bruyntjes,hbruyntjes53@dot.gov,Onagraceae,true
104,healthy accents antacid,Ina Berriball,iberriball54@nps.gov,Annonaceae,false
116,Diltiazem Hydrochloride,Clem Gallyon,cgallyon55@naver.com,Campanulaceae,true
132,Prednisone,Jacky Sives,jsives56@bravesites.com,Arecaceae,true
119,ZOFRAN,Stafani Forsard,sforsard57@posterous.com,Urticaceae,true
132,Tivorbex,Torre Standidge,tstandidge58@ft.com,Fabaceae,false
148,Pleo Rub,Imogen Ducastel,iducastel59@multiply.com,Asteraceae,false
115,Crisp Apple Hand Sani,Jodee Grenshiels,jgrenshiels5a@odnoklassniki.ru,Araliaceae,false
150,Neomycin and Polymyxin B Sulfates and Bacitracin Zinc,Valentine Woolrich,vwoolrich5b@sina.com.cn,Myrtaceae,false
141,Phosphorus comp.,Raul Geldeford,rgeldeford5c@forbes.com,Mycocaliciaceae,true
120,Ceramide Lift And Firm Makeup Broad Spectrum Sunscreen SPF 15 Warm Bronze,Tawnya Ghion,tghion5d@xing.com,Lentibulariaceae,true
116,Jantoven,Ethel Stranks,estranks5e@de.vu,Euphorbiaceae,false
139,Sertraline Hydrochloride,Rainer Handslip,rhandslip5f@freewebs.com,Brassicaceae,false
140,Papaya Mango Antibacterial Hand,Man Rosenstiel,mrosenstiel5g@purevolume.com,Acarosporaceae,false
124,Lansoprazole,Tanya Medcalfe,tmedcalfe5h@washington.edu,Fumariaceae,true
123,Lamotrigine,Devan Fremantle,dfremantle5i@sourceforge.net,Rubiaceae,false
108,Sheer Defense Tinted Moisturizer SPF 15 ML 30,Opalina Strafen,ostrafen5j@ow.ly,Fabaceae,false
135,Lisinopril,Alric Abbes,aabbes5k@istockphoto.com,Asteraceae,true
116,Contac Cold and Flu Day,Bird Meni,bmeni5l@yandex.ru,Acanthaceae,true
105,Amiodarone Hydrochloride,Maxy Suddick,msuddick5m@arstechnica.com,Fabaceae,true
139,Atenolol,Riccardo Bolderson,rbolderson5n@cpanel.net,Rhamnaceae,true
103,"Nicotine Polacrilex, Coated Mint Flavor",Averyl Shinfield,ashinfield5o@mail.ru,Rubiaceae,false
124,Ibuprofen,Vernor Rout,vrout5p@forbes.com,Fabaceae,true
117,LACHESIS MUTUS,Elias Leavens,eleavens5q@reddit.com,Physciaceae,true
126,Dog Fennel,Lorelle Witul,lwitul5r@loc.gov,Roccellaceae,true
133,E.O.L.,Dahlia Diboll,ddiboll5s@prlog.org,Brassicaceae,true
140,Ramipril,Rhodie Sackett,rsackett5t@g.co,Caprifoliaceae,false
114,LANEIGE SATIN FINISH TWIN PACT NO. 21,Lynsey MacIlhagga,lmacilhagga5u@homestead.com,Asteraceae,false
129,SHISEIDO WHITE LUCENT,Tybie Loader,tloader5v@nasa.gov,Lamiaceae,false
131,"AVOBENZONE, OCTINOXATE, TITANIUM DIOXIDE",Bartie Harnett,bharnett5w@answers.com,Asteraceae,true
107,Doxycycline Hyclate,Molly Buard,mbuard5x@webmd.com,Acarosporaceae,true
116,Acne Wipes,Liva Clelle,lclelle5y@indiatimes.com,Ranunculaceae,true
136,Matulane,Harry Jzak,hjzak5z@joomla.org,Fabaceae,false
138,Healing,Tiphani Trussman,ttrussman60@hao123.com,Cladoniaceae,false
134,AMLODIPINE BESYLATE,Niki Gorusso,ngorusso61@myspace.com,Ramalinaceae,true
139,Aprodine,Florri Creasy,fcreasy62@nba.com,Apiaceae,true
110,Levofloxacin,Caresse Hargrave,chargrave63@deliciousdays.com,Passifloraceae,false
114,UP AND UP,Jenica Clementson,jclementson64@twitter.com,Bacidiaceae,true
117,Scrub Pine,Amara Kowalik,akowalik65@un.org,Fabaceae,true
116,Tension Headache Relief,Dael Thebeau,dthebeau66@twitter.com,Selaginellaceae,false
133,High Five,Billi Lockhart,blockhart67@deviantart.com,Orchidaceae,true
148,Crest 3D White,Cristabel Kerbey,ckerbey68@gizmodo.com,Lecanoraceae,false
129,Dexamethasone sodium phosphate,Ethelyn Haughin,ehaughin69@dyndns.org,Dryopteridaceae,true
108,Exuviance Sheer Refining Fluid SPF 35,Sherman MacNish,smacnish6a@princeton.edu,Brassicaceae,false
125,Extra Strength Pain Relief,Erv De Biasi,ede6b@ustream.tv,Goodeniaceae,true
139,MVC,Minnnie Dagon,mdagon6c@shop-pro.jp,Candelariaceae,false
106,CVS Chest Rub,Filippa Morales,fmorales6d@bizjournals.com,Brassicaceae,true
102,Carvedilol,Buffy Wildor,bwildor6e@zdnet.com,Liliaceae,true
145,Kiehls Since 1851 Activated Sun Protector For Body Broad Spectrum SPF 50 Sunscreen,Willie Le Breton De La Vieuville,wle6f@example.com,Asteraceae,false
129,Petroleum Skin Protectant,Millisent Brantzen,mbrantzen6g@cornell.edu,Rubiaceae,true
128,Denti-Care Denti-Freeze,Deane Kimberley,dkimberley6h@yellowpages.com,Cyperaceae,true
109,SHISEIDO EXTRA SMOOTH SUN PROTECTION N,Berthe Shenton,bshenton6i@youku.com,Araliaceae,true
110,Hepar Stannum 6/10,Claudio Giacopetti,cgiacopetti6j@mysql.com,Uncertain Ascomycota Family,true
131,Burn-B Gone OTC,Katleen Sherlock,ksherlock6k@cornell.edu,Polygonaceae,true
137,Lymph Plus,Janelle Bidmead,jbidmead6l@gmpg.org,Berberidaceae,true
134,Creations Garden,Jemie Melloi,jmelloi6m@dedecms.com,Fagaceae,false
127,Fluvoxamine Maleate,Myriam Emptage,memptage6n@senate.gov,Asteraceae,false
142,Multivitamin with fluoride,Tawnya Whistan,twhistan6o@issuu.com,Poaceae,false
144,Amitriptyline Hydrochloride,Jacintha Caulkett,jcaulkett6p@dell.com,Myrtaceae,true
132,Yellow Dock,Rodie Alelsandrowicz,ralelsandrowicz6q@hexun.com,Brassicaceae,true
123,Olanzapine,Federica Kleyn,fkleyn6r@businessinsider.com,Uncertain Ascomycota Family,false
127,Temozolomide,Constantine Kilty,ckilty6s@mapy.cz,Euphorbiaceae,false
140,germstarCitrus,Sharron Deerr,sdeerr6t@is.gd,Rosaceae,true
127,Orphenadrine Citrate,Danice Goodwell,dgoodwell6u@archive.org,Aquifoliaceae,false
104,Tired Eye Relief,Ellery Pawlata,epawlata6v@tmall.com,Scrophulariaceae,true
100,White Mulberry,Skylar Itzchaki,sitzchaki6w@hp.com,Oxalidaceae,true
136,Dry Scalp Dandruff,Eugenio O'Cahsedy,eocahsedy6x@bandcamp.com,Brassicaceae,false
107,Tri-Sprintec,Markos Dyzart,mdyzart6y@edublogs.org,Uncertain Ascomycota Family,false
141,OBAGI-C RX SYSTEM NORMAL-DRY,Georgi Rewcastle,grewcastle6z@prlog.org,Rosaceae,true
119,Ziprasidone hydrochloride,Sheilakathryn Jolley,sjolley70@bizjournals.com,Poaceae,true
139,Hand wash,Anabelle Phythian,aphythian71@vk.com,Parmeliaceae,false
101,Activase,Odey Chasles,ochasles72@seattletimes.com,Boraginaceae,true
144,Burr Oak,Fabien Bessell,fbessell73@java.com,Grossulariaceae,true
107,Protector,Cristobal Balls,cballs74@auda.org.au,Haloragaceae,true
135,Losortan Potassium,Ronni Mobberley,rmobberley75@paypal.com,Rosaceae,false
121,Diltiazem Hydrochloride,Dane Dood,ddood76@over-blog.com,Juncaceae,true
144,RESILIENCE LIFT,Willa Siggins,wsiggins77@pinterest.com,Caryophyllaceae,true
117,Western Ragweed,Blaire Gouley,bgouley78@phpbb.com,Capparaceae,false
141,Isopropyl Alcohol,Michaella Tomczak,mtomczak79@nytimes.com,Pertusariaceae,false
136,Candesartan Cilexetil-Hydrochlorothiazide,Costanza Longfoot,clongfoot7a@state.gov,Orchidaceae,true
124,Cryogel Island Rain Natural Pain Relieving,Terry Poolman,tpoolman7b@ezinearticles.com,Opegraphaceae,true
122,Waterless Hand Sanitizer,Ximenez Leek,xleek7c@ezinearticles.com,Fontinalaceae,true
132,Mepivacaine,Jerrie Igo,jigo7d@cdc.gov,Hymeneliaceae,false
125,Hydrocodone Bitartrate And Acetaminophen,Merrile England,mengland7e@google.com,Scrophulariaceae,true
143,ALPRAZOLAM,Ketti Linacre,klinacre7f@cloudflare.com,Polygonaceae,true
125,OXYGEN,Renelle Rappaport,rrappaport7g@businessinsider.com,Fabaceae,true
109,GPS Topical Anesthetic,Ellynn Milington,emilington7h@tiny.cc,Boraginaceae,false
144,TOPIRAMATE,Nickolaus Goskar,ngoskar7i@sourceforge.net,Asteraceae,true
120,Lidocaine,Mirilla Rizzetti,mrizzetti7j@spiegel.de,Asteraceae,true
142,Vizamyl,Artemis Charlot,acharlot7k@blogspot.com,Asteraceae,false
121,ENALAPRIL MALEATE,Mannie Brammar,mbrammar7l@youtube.com,Lecideaceae,false
105,Chlorpheniramine Maleate,Sherri Fermoy,sfermoy7m@bluehost.com,Balsaminaceae,true
112,OXYGEN,Merry Larne,mlarne7n@loc.gov,Apiaceae,false
135,Fluoxetine Hydrochloride,Aurea Brundell,abrundell7o@scribd.com,Brassicaceae,false
134,Relistor,Papageno Butterworth,pbutterworth7p@cnn.com,Campanulaceae,true
141,GERI-PECTATE VANILLA FLAVOR,Viv Heare,vheare7q@squidoo.com,Ericaceae,true
135,Cetirizine Hydrochloride,Berty Kinchlea,bkinchlea7r@arstechnica.com,Brassicaceae,true
142,Good Neighbor Pharmacy Aspirin,Mervin Skittrall,mskittrall7s@auda.org.au,Liliaceae,false
112,Amoxicillin,Merrilee Pond-Jones,mpondjones7t@dot.gov,Bacidiaceae,true
109,antacid,Flossy Bignal,fbignal7u@histats.com,Scrophulariaceae,false
133,Portia,Loraine Ickovicz,lickovicz7v@google.pl,Rubiaceae,true
141,Nitroglycerin Transdermal System,Dalenna Francey,dfrancey7w@plala.or.jp,Rosaceae,true
133,Acetaminophen And Codeine,Almeda Rourke,arourke7x@google.com.br,Dicranaceae,true
122,Extra Strength pain relief,Rosalyn Eriksson,reriksson7y@businesswire.com,Fabaceae,true
136,Allergy Relief,Neilla Cline,ncline7z@ustream.tv,Salicaceae,true
122,Up and Up Anticavity Toothpaste Whitening,Angelico Leethem,aleethem80@bing.com,Asteraceae,true
101,OXYGEN,Geri Sinyard,gsinyard81@facebook.com,Hydrangeaceae,true
142,Self Pity,Doe Hazeldean,dhazeldean82@fc2.com,Fabaceae,true
116,Old Spice High Endurance,Freeland Tarbert,ftarbert83@amazon.com,Thelotremataceae,false
119,Nasohist,Reinald Prosser,rprosser84@ustream.tv,Sapindaceae,false
143,pain relief,Franciska Maxwale,fmaxwale85@harvard.edu,Poaceae,false
105,HAMSOA ATOBY MEDI,Wait Tregona,wtregona86@blinklist.com,Pteridaceae,false
123,Ondansetron,Coleen Hatchette,chatchette87@spiegel.de,Cucurbitaceae,true
137,Lym,Dunc Oats,doats88@issuu.com,Fabaceae,false
144,Nortriptyline Hydrochloride,Jordain Phillps,jphillps89@paypal.com,Asteraceae,true
125,sunmark stomach relief,Yehudit Leverington,yleverington8a@mac.com,Cuscutaceae,false
109,Azithromycin,Bernadene Tomicki,btomicki8b@theglobeandmail.com,Cactaceae,true
138,Secret Clinical Invisible,Bay Tingley,btingley8c@indiegogo.com,Scrophulariaceae,true
119,Lisinopril and Hydrochlorothiazide,Alden Tetther,atetther8d@cargocollective.com,Poaceae,true
111,Ropinirole Hydrochloride,Zechariah Mapholm,zmapholm8e@multiply.com,Magnoliaceae,false
136,Etodolac,Dory Botler,dbotler8f@huffingtonpost.com,Poaceae,true
136,MBM 8 Small Intestine,Leland Mattholie,lmattholie8g@bandcamp.com,Scrophulariaceae,false
142,Hydrocodone Acetaminophen,Marice Laible,mlaible8h@omniture.com,Poaceae,true
127,Cough and Cold Relief HBP,Cyrus Raffles,craffles8i@huffingtonpost.com,Poaceae,false
124,BY FLOWER BB,Guinevere Garrad,ggarrad8j@linkedin.com,Fabaceae,false
130,milk of magnesia,Rice Bleibaum,rbleibaum8k@pcworld.com,Polemoniaceae,true
133,Kettle Neti Pot,Silvan Christall,schristall8l@omniture.com,Goodeniaceae,true
127,Docusate Sodium,Nathalia Bramham,nbramham8m@guardian.co.uk,Cyperaceae,true
104,Body Luxuries Coconut Vanilla Waterless Anti-bacterial Hand Sanitizer,Roxine Craisford,rcraisford8n@miitbeian.gov.cn,Dicksoniaceae,true
111,SUMATRIPTAN,Corri Vannuccini,cvannuccini8o@businessinsider.com,Asclepiadaceae,true
114,Leader Nite Time,Jean Beadham,jbeadham8p@booking.com,Lamiaceae,true
141,Clonazepam,Dollie Leyson,dleyson8q@timesonline.co.uk,Caprifoliaceae,true
138,BSS,Reeta Faulder,rfaulder8r@yellowbook.com,Poaceae,false
116,Hydroxyzine Hydrochloride,Garv Munro,gmunro8s@bloglines.com,Loasaceae,true
149,Acetylcysteine,Haskel Waszczykowski,hwaszczykowski8t@prnewswire.com,Brassicaceae,false
133,Meperidine Hydrochloride,Brander Catlette,bcatlette8u@reverbnation.com,Polemoniaceae,false
144,Medi-Pads,Frederique Lenormand,flenormand8v@indiatimes.com,Scrophulariaceae,true
122,Flurazepam,Siward Addams,saddams8w@engadget.com,Papaveraceae,false
137,Sertraline hydrochloride,Selia Prandi,sprandi8x@sphinn.com,Orchidaceae,false
138,COUMADIN,Leontyne Frankham,lfrankham8y@tripod.com,Asteraceae,true
116,Tramadol Hydrochloride,Malvin D'Hooge,mdhooge8z@umn.edu,Brassicaceae,false
113,Edarbyclor,Jonell Sayer,jsayer90@prnewswire.com,Poaceae,false
147,Diovan,Garvey Dwelley,gdwelley91@psu.edu,Teloschistaceae,false
134,Childrens Ibuprofen,Marice Eskrick,meskrick92@soundcloud.com,Brassicaceae,true
142,AOGel,Luis Casterou,lcasterou93@irs.gov,Liliaceae,true
111,"Molds, Rusts and Smuts, Helminthosporium interseminatum",Corabelle Inston,cinston94@forbes.com,Commelinaceae,false
112,Dexmethylphenidate Hydrochloride,Viviyan Fownes,vfownes95@chronoengine.com,Sarraceniaceae,true
143,Zicam,Valencia Brockest,vbrockest96@google.de,Pontederiaceae,false
130,Goongsecret Mild Sun,Courtney Johantges,cjohantges97@guardian.co.uk,Lichinaceae,false
116,Lice Treatment,Parry Riquet,priquet98@wikipedia.org,Poaceae,true
121,Dexamethasone,Wynn Dilleway,wdilleway99@merriam-webster.com,Fabaceae,true
116,CARBIDOPA AND LEVODOPA,Audrie Shakelady,ashakelady9a@sfgate.com,Asteraceae,true
146,DYSPEPSIA,Elysha Hartless,ehartless9b@house.gov,Myrtaceae,true
112,SENSAI CELLULAR PERFORMANCE CREAM FOUNDATION,Farand Welbrock,fwelbrock9c@livejournal.com,Physciaceae,false
138,Secret Roll-On,Lydia Downing,ldowning9d@meetup.com,Ranunculaceae,false
149,Buprenorphine hydrochloride,Laurie Seefus,lseefus9e@symantec.com,Hydrophyllaceae,true
124,Live Oak,Derrek Walwood,dwalwood9f@merriam-webster.com,Euphorbiaceae,true
108,NAPROXEN,Almeta Morgen,amorgen9g@domainmarket.com,Physciaceae,false
134,Epirubicin Hydrochloride,Wadsworth Capner,wcapner9h@alexa.com,Polygonaceae,false
128,Montelukast Sodium,Oberon Fishbourne,ofishbourne9i@nymag.com,Orthotrichaceae,true
107,Mouth Rinse,Hercule McClelland,hmcclelland9j@histats.com,Grimmiaceae,true
136,FLOVENT,Ezmeralda Cretney,ecretney9k@free.fr,Araceae,true
111,Estradiol,Nichol Shann,nshann9l@shutterfly.com,Hydrophyllaceae,false
127,Epsom Salt,Waylen Balmadier,wbalmadier9m@admin.ch,Onagraceae,false
111,Diltiazem Hydrochloride,Adelbert Ringham,aringham9n@sphinn.com,Lecanoraceae,false
121,Oxygen,Cosme Wingate,cwingate9o@guardian.co.uk,Dryopteridaceae,true
123,VENTOLIN,Jamie Kiossel,jkiossel9p@phoca.cz,Orchidaceae,true
108,LIPTRUZET,Burlie Gibke,bgibke9q@yale.edu,Ditrichaceae,false
128,Diabetic Tussin Expectorant,Bidget Whitby,bwhitby9r@miibeian.gov.cn,Selaginellaceae,true
104,Quetiapine Fumarate,Lorena Canniffe,lcanniffe9s@homestead.com,Juglandaceae,false
100,Ramipril,Melinde Creelman,mcreelman9t@soundcloud.com,Chrysobalanaceae,true
134,healthy accents maldroxal,Katha Gisborne,kgisborne9u@blogger.com,Asteraceae,false
101,SUCRAID,Ingram Couvet,icouvet9v@rakuten.co.jp,Piperaceae,true
150,Soothing Advanced Arnica,Ailene Traves,atraves9w@webeden.co.uk,Hydrocharitaceae,false
136,Aminosyn,Sile McKelvey,smckelvey9x@w3.org,Asteraceae,true
104,Baclofen,Xever Archbold,xarchbold9y@about.com,Juncaceae,true
138,Allergy Relief,Lonnard Cartmel,lcartmel9z@fema.gov,Orchidaceae,false
135,Selsun Blue Normal to Oily,Rorie Haukey,rhaukeya0@sciencedaily.com,Funariaceae,false
141,Prochlorperazine Maleate,Kennie Briddle,kbriddlea1@vistaprint.com,Tropaeolaceae,false
140,HistaFlex,Marijo Bartul,mbartula2@istockphoto.com,Aizoaceae,false
137,citroma,Lars Ringe,lringea3@vistaprint.com,Aceraceae,false
122,White Alder,Parnell MacCart,pmaccarta4@salon.com,Fabaceae,false
143,Cockroach American,Lilas Toffolini,ltoffolinia5@boston.com,Iridaceae,false
138,Amitriptyline Hydrochloride,Yancey Hyndley,yhyndleya6@barnesandnoble.com,Polygonaceae,true
114,Anticavity Fluoride Rinse,Fremont Dance,fdancea7@diigo.com,Asteraceae,false
112,DermaCen Antimicrobial-P Hand,Abbie Tomaszewicz,atomaszewicza8@twitpic.com,Polemoniaceae,false
136,Queen Palm,Katrinka McFaell,kmcfaella9@printfriendly.com,Lamiaceae,true
139,DESPEC,Mirelle Cruft,mcruftaa@washingtonpost.com,Violaceae,true
109,Neutrogena MoistureShine SPF20,Reggie Lockey,rlockeyab@google.es,Chenopodiaceae,true
118,Risperidone,Peri Aishford,paishfordac@weather.com,Dryopteridaceae,true
136,BenzePrO,Larisa Canacott,lcanacottad@foxnews.com,Cyperaceae,true
148,Eve Lom Brilliant Cover Concealer Broad Spectrum SPF 15 Sunscreen,Onida Robertsen,orobertsenae@infoseek.co.jp,Apiaceae,true
149,"DOCK MIX, SOUR SHEEP SORREL/YELLOW POLLEN",Coralyn Bodycote,cbodycoteaf@indiegogo.com,Dicksoniaceae,false
123,Carbamazepine,Aida Jullian,ajullianag@arstechnica.com,Juncaceae,false
141,Mycophenolic Acid,Carlen Colebourn,ccolebournah@mapquest.com,Gentianaceae,false
122,Bactestat,Brittni Knapman,bknapmanai@1688.com,Plantaginaceae,false
111,Body Essentials Hand and Body Moisturizing Formula,Sabine Liver,sliveraj@comsenz.com,Cactaceae,true
133,PROSOPIS JULIFLORA POLLEN,Lorrie Treadway,ltreadwayak@hc360.com,Rosaceae,true
138,Arnica Montana,Iggie Bythway,ibythwayal@chron.com,Cactaceae,false
120,MORUS ALBA POLLEN,Thaddeus Philipart,tphilipartam@ucoz.ru,Physciaceae,true
114,MEDIQUE Loradamed,Katharine Burkill,kburkillan@netlog.com,Convolvulaceae,false
117,Risperidone,Mendy Brownbill,mbrownbillao@geocities.jp,Saxifragaceae,false
101,Alprazolam,Sigismundo Borrows,sborrowsap@ft.com,Fabaceae,false
137,Terocin,Mersey Grainger,mgraingeraq@cdbaby.com,Portulacaceae,true
100,Raspberry,Esdras Bendelow,ebendelowar@reddit.com,Asteraceae,false
133,Cepacol Sensations,Germain Allbones,gallbonesas@ow.ly,Boraginaceae,false
109,Doxycycline,Arliene Izkovici,aizkoviciat@studiopress.com,Rosaceae,false
124,Alka-Seltzer Heartburn ReliefChews Cool Mint,Marji Gebbie,mgebbieau@uiuc.edu,Saxifragaceae,true
129,Nitrofurantoin Monohydrate/Macrocrystals,Amye Scole,ascoleav@shinystat.com,Apiaceae,false
104,Alert,Syman Kynnd,skynndaw@newsvine.com,Polygalaceae,true
130,Oxymorphone Hydrochloride,Sutton Lomasna,slomasnaax@hp.com,Dryopteridaceae,false
146,Womens Mitchum Advanced Invisible,Darrick Levitt,dlevittay@ocn.ne.jp,Bignoniaceae,false
130,REBETOL,Rufe Blare,rblareaz@wired.com,Euphorbiaceae,true
133,ANTACID,Jessamyn Broadbere,jbroadbereb0@si.edu,Asteraceae,true
139,Dawnmist Fluoride,Gabe Ludwig,gludwigb1@pcworld.com,Sapindaceae,false
117,BYETTA,Nels Chagg,nchaggb2@google.com.br,Onagraceae,false
103,Herring,Hettie Angeli,hangelib3@newsvine.com,Poaceae,true
111,Wal itin D,Claresta Trump,ctrumpb4@edublogs.org,Polygonaceae,false
108,NEXIUM,Wileen Manwaring,wmanwaringb5@squarespace.com,Arecaceae,false
113,Glyburide and Metformin Hydrochloride,Jean Swanwick,jswanwickb6@vk.com,Aspleniaceae,false
133,Albuterol Sulfate,Doloritas Lauchlan,dlauchlanb7@springer.com,Grossulariaceae,true
112,8 Small Intestine,Nike Mac Giany,nmacb8@vkontakte.ru,Boraginaceae,false
100,Rubus,Gregoor Mohring,gmohringb9@cornell.edu,Myrtaceae,false
148,Methocarbamol,Coleman Reinger,creingerba@google.com.br,Myrtaceae,true
150,CLONAZEPAM,Knox Ravilus,kravilusbb@wp.com,Collemataceae,true
134,ENALAPRIL MALEATE,Cyrillus Leathley,cleathleybc@example.com,Orchidaceae,true
118,Melaleuca Pollen,Maighdiln Terrell,mterrellbd@yahoo.co.jp,Scrophulariaceae,false
122,Cryselle,Alia Rhodef,arhodefbe@yahoo.co.jp,Iridaceae,true
147,Promethazine HCl,Darill Barca,dbarcabf@sina.com.cn,Poaceae,true
116,"Butalbital, Acetaminophen, and Caffeine",Etan Dumbarton,edumbartonbg@wp.com,Fagaceae,false
122,ropinirole hydrochloride,Kassie Turfs,kturfsbh@jimdo.com,Flacourtiaceae,false
141,Flanax Aspirin Pain Reliever,Calv Domoney,cdomoneybi@parallels.com,Dicksoniaceae,false
137,G-Supress DX,Eric Truse,etrusebj@forbes.com,Anthocerotaceae,true
147,Joint Rescue,Esta Brikner,ebriknerbk@wikia.com,Poaceae,true
125,Cough DM,Eli Batchelder,ebatchelderbl@prlog.org,Liliaceae,true
108,Meijer Oil Free SPF 15,Land Fellman,lfellmanbm@stanford.edu,Hymenophyllaceae,true
122,Australian Gold,Walsh O'Logan,wologanbn@cyberchimps.com,Asteraceae,true
105,Gabapentin,Keelia Bril,kbrilbo@sakura.ne.jp,Saxifragaceae,false
142,SULPHUR,Gabbi Gulc,ggulcbp@zimbio.com,Grammitidaceae,true
101,ELCURE AC-LEX Serum,Perri Larose,plarosebq@cnn.com,Orthotrichaceae,false
101,ibuprofen,Andras Livens,alivensbr@china.com.cn,Physciaceae,false
112,Pepto-Bismol,Melisenda Whatsize,mwhatsizebs@bbb.org,Cactaceae,false
122,Ropinirole Hydrochloride,Roth Yankeev,ryankeevbt@weebly.com,Lauraceae,true
115,Divalproex Sodium,Dulcea Jeffcoat,djeffcoatbu@e-recht24.de,Rosaceae,false
109,Vaporizing Chest Rub,Rance Compston,rcompstonbv@4shared.com,Scrophulariaceae,true
108,Lysol,Suzy Woolvin,swoolvinbw@wikispaces.com,Poaceae,true
142,LIPSTICK QUEEN ENDLESS SUMMER Broad Spectrum SPF 15 Sunscreen,Aldon Waddie,awaddiebx@photobucket.com,Scrophulariaceae,false
107,Technetium Tc99m Generator,Kathi Palfery,kpalferyby@deliciousdays.com,Cyperaceae,false
142,care one aspirin,Rodolphe Joire,rjoirebz@skype.com,Grimmiaceae,false
129,Cyzone,Morty Jaques,mjaquesc0@soup.io,Orchidaceae,true
128,Triamterene and Hydrochlorothiazide,Ranna Cairns,rcairnsc1@stanford.edu,Rosaceae,true
104,Clonidine Hydrochloride,Melitta Knewstub,mknewstubc2@theglobeandmail.com,Fagaceae,true
120,Isoniazid,Marsha Connealy,mconnealyc3@flavors.me,Campanulaceae,false
121,Furosemide,Matelda Paffot,mpaffotc4@weibo.com,Caryophyllaceae,true
102,Amoxicillin,Lazarus Bone,lbonec5@ning.com,Asteraceae,false
125,Day time,Shena Errey,serreyc6@php.net,Hydrangeaceae,false
125,Desipramine Hydrochloride,Timoteo Franciotti,tfranciottic7@altervista.org,Leucobryaceae,false
135,Health Mart eye itch relief,Karita Cawston,kcawstonc8@example.com,Boraginaceae,false
113,SAFEWAY,Maryanna Papez,mpapezc9@storify.com,Pyrenulaceae,false
116,CD DiorSkin Forever Compact Flawless Perfection Fusion Wear Makeup SPF 25 - 030,Etti Lukovic,elukovicca@illinois.edu,Fabaceae,false
125,Gabapentin,Ruggiero Simkin,rsimkincb@histats.com,Melaspileaceae,false
143,Assured Instant Hand Sanitizer,Ambrosio Undy,aundycc@posterous.com,Cyperaceae,false
145,SNAIL THERAPY PACT,Chickie Lead,cleadcd@cbsnews.com,Malvaceae,false
143,Digoxin,Leeland Linner,llinnerce@hatena.ne.jp,Erythroxylaceae,true
121,Carbidopa and Levodopa,Fee Cristoforo,fcristoforocf@ask.com,Scrophulariaceae,true
121,Diphenhydramine Hydrochloride,Amandi Dory,adorycg@yelp.com,Arecaceae,true
100,Summer Citrus Antibacterial Foaming Hand Wash,Hirsch O' Molan,hoch@vkontakte.ru,Rosaceae,false
116,Arthritis,Kendricks Folds,kfoldsci@clickbank.net,Fabaceae,true
144,Fludeoxyglucose F-18,Hattie Winstanley,hwinstanleycj@netlog.com,Brassicaceae,false
127,Targretin,Wyatan Holgan,wholganck@cloudflare.com,Mycoporaceae,true
147,La Roche Posay Laboratoire Dermatologique Anthelios 60 Face Ultra Light Fluid Sunscreen Broad Spectrum SPF 60,Quentin Toun,qtouncl@gravatar.com,Caulerpaceae,false
103,Amlodipine besylate and benazepril hydrochloride,Margarita Sleith,msleithcm@spotify.com,Apiaceae,false
128,Antibacterial Foaming Hand Cleanser,Galen Karpenko,gkarpenkocn@a8.net,Juncaceae,true
105,ENGLISH PLANTAIN POLLEN,Merl Pingston,mpingstonco@businesswire.com,Caryophyllaceae,true
142,dg health cold plus flu relief,Gordy Ewington,gewingtoncp@webnode.com,Campanulaceae,false
119,nicorelief,Lanny Hannant,lhannantcq@artisteer.com,Nymphaeaceae,false
113,ActivOn Ultra Strength Arthritis,Eddy Keijser,ekeijsercr@intel.com,Phlyctidaceae,false
144,Fresh Lime Antibacterial Foaming Hand Wash,Klement MacEntee,kmacenteecs@altervista.org,Grimmiaceae,false
137,NALOXONE HYDROCHLORIDE,Alva Bodill,abodillct@mozilla.org,Orchidaceae,false
131,Naproxen Sodium,Marsha Aymeric,maymericcu@prlog.org,Scrophulariaceae,true
104,Balsalazide Disodium,Jocelyne Sepey,jsepeycv@mayoclinic.com,Hydrophyllaceae,true
115,Plum,Leesa Muggeridge,lmuggeridgecw@creativecommons.org,Boraginaceae,true
114,Deep Renewal,Omar Mountain,omountaincx@ca.gov,Cyperaceae,true
110,Clear Choice Ibuprofen,Hyacinth Purseglove,hpurseglovecy@blogger.com,Ranunculaceae,true
138,Gas Relief,Florenza Leavry,fleavrycz@engadget.com,Pterigynandraceae,true
103,Bryonia Alba 30c,Hinda Bortol,hbortold0@ameblo.jp,Poaceae,true
111,Pure Transformation Sheer Tan,Norene Briscow,nbriscowd1@pbs.org,Hymeneliaceae,true
140,Cover Fx Blemish Treatment Concealer P Medium,Anallise Cauley,acauleyd2@youtube.com,Apocynaceae,true
123,Amlodipine Besylate and Benazepril Hydrochloride,Dasie Sterricks,dsterricksd3@scientificamerican.com,Polygonaceae,true
104,LEADER DRY EYE RELIEF,Ives Casaro,icasarod4@jalbum.net,Asteraceae,false
112,"Pollens - Weeds and Garden Plants, Lambs Quarters Chenopodium album",Bertrando Symmers,bsymmersd5@vk.com,Fabaceae,true
131,Aveeno Skin Relief 24hr Moisturizing,Wilt O'Hannen,wohannend6@stumbleupon.com,Rafflesiaceae,true
147,Anti-Bacterial Hand,Loise Isaq,lisaqd7@creativecommons.org,Rubiaceae,false
142,SUMATRIPTAN,Lucio Faunt,lfauntd8@digg.com,Polygonaceae,true
130,NEXIUM,Carol Ostridge,costridged9@prlog.org,Poaceae,false
130,Degree,Porter Wolpert,pwolpertda@xrea.com,Scrophulariaceae,true
142,Levofloxacin,Jeramie MacCarroll,jmaccarrolldb@skype.com,Salicaceae,false
122,Listerine Total Care Zero,Eddie Wyldbore,ewyldboredc@usnews.com,Saxifragaceae,true
137,Merle Norman,Valentijn Filov,vfilovdd@telegraph.co.uk,Casuarinaceae,false
127,Nausea,Eulalie Dilnot,edilnotde@cbslocal.com,Peltigeraceae,true
144,Cold and Hot Pain Relief Sleeve,Brittney Lent,blentdf@vimeo.com,Poaceae,false
102,Chlorzoxazone,Bart Stivey,bstiveydg@sitemeter.com,Apiaceae,false
149,Penicillin V Potassium,Cornelius Limbourne,climbournedh@dmoz.org,Pertusariaceae,true
133,Lisinopril,Flin Marchand,fmarchanddi@goo.gl,Fabaceae,false
116,Doxycycline Hyclate,Hoyt Rubinowicz,hrubinowiczdj@shareasale.com,Asteraceae,true
147,OXYGEN,Marten Keeble,mkeebledk@google.ru,Asteraceae,false
116,Torsemide,Alonso Lammas,alammasdl@senate.gov,Myrtaceae,false
143,Chlordiazepoxide Hydrochloride,Lane Whibley,lwhibleydm@furl.net,Apiaceae,true
126,PAROXETINE HYDROCHLORIDE,Ambrosio Vogt,avogtdn@naver.com,Asteraceae,true
126,lisinopril,Lebbie Dran,ldrando@angelfire.com,Orchidaceae,false
149,Losartan Potassium and Hydrochlorothiazide,Ignaz Velti,iveltidp@nature.com,Rhizocarpaceae,false
127,Methadone Hydrochloride,Ursa Gronaller,ugronallerdq@woothemes.com,Parmeliaceae,true
120,Ring Relief,Briny Tinniswood,btinniswooddr@hc360.com,Rubiaceae,true
130,CARISOPRODOL,Deb Lempke,dlempkeds@dmoz.org,Caryophyllaceae,false
104,Ocean Potion Quick Dry 50 Sunscreen,Oby Pleaden,opleadendt@businessinsider.com,Cyperaceae,true
105,Clonidine Hydrochloride,Haleigh Piper,hpiperdu@arstechnica.com,Amaranthaceae,false
150,Megestrol Acetate,Hynda Kingsnode,hkingsnodedv@goo.gl,Poaceae,false
